k,trials,mean_ms,stdev_ms,min_ms,max_ms,median_ms,mean_attempts,stdev_attempts,expected_attempts
2,10,0.17757490001031329,0.1853828148747072,0.01022300000386167,0.5381490000218037,0.12061349997338766,276.2,294.2186639596853,256
4,10,40.15120320001415,28.060592524470092,8.348908000016309,102.2630490000438,34.72606099995801,65049.3,45563.40204362366,65536
6,10,11045.864509,9358.679952685596,843.1437210000468,29334.50773200002,7429.9179445000045,17475705.5,14569950.669563018,16777216
